{
  "summary": {
    "mode": "federated",
    "num_rounds": 3,
    "total_wall_time_s": 41.245,
    "total_bytes_uploaded_MB": 45.9968,
    "total_bytes_downloaded_MB": 229.9752,
    "total_bytes_transmitted_MB": 275.972,
    "final_global_mae": 4.076832,
    "final_global_rmse": 5.91107,
    "final_global_r2": -0.00301,
    "final_global_accuracy_1pct": 0.0253,
    "avg_round_time_s": 11.939,
    "avg_client_cpu_time_s": 1.242,
    "avg_client_peak_memory_kb": 156.22
  },
  "rounds": [
    {
      "round_num": 1,
      "bytes_sent_to_clients": 80381585,
      "bytes_received_from_clients": 16077039,
      "num_clients_trained": 5,
      "num_clients_evaluated": 5,
      "round_wall_time_s": 11.72790649998933,
      "avg_client_train_time_s": 1.287998220010195,
      "avg_client_cpu_time_s": 1.290625,
      "avg_client_peak_memory_kb": 161.547265625,
      "avg_train_loss": 0.25118154956186867,
      "avg_eval_mae": 3.623095491166366,
      "avg_eval_rmse": 4.874379466650302,
      "avg_eval_accuracy_1pct": 0.013335396039603962,
      "global_mae": 4.076832140201284,
      "global_rmse": 5.9110702793985705,
      "global_r2": -0.0030098200201194025,
      "global_accuracy_1pct": 0.02527075812274368
    },
    {
      "round_num": 2,
      "bytes_sent_to_clients": 80382420,
      "bytes_received_from_clients": 16077039,
      "num_clients_trained": 5,
      "num_clients_evaluated": 5,
      "round_wall_time_s": 12.044622700021137,
      "avg_client_train_time_s": 1.2320105199934914,
      "avg_client_cpu_time_s": 1.209375,
      "avg_client_peak_memory_kb": 154.5357421875,
      "avg_train_loss": 0.2511815495618687,
      "avg_eval_mae": 3.623095491166365,
      "avg_eval_rmse": 4.874379466650302,
      "avg_eval_accuracy_1pct": 0.013335396039603962,
      "global_mae": 4.076832140201284,
      "global_rmse": 5.9110702793985705,
      "global_r2": -0.0030098200201194025,
      "global_accuracy_1pct": 0.02527075812274368
    },
    {
      "round_num": 3,
      "bytes_sent_to_clients": 80382465,
      "bytes_received_from_clients": 16077039,
      "num_clients_trained": 5,
      "num_clients_evaluated": 5,
      "round_wall_time_s": 12.043825400003698,
      "avg_client_train_time_s": 1.2284899199963548,
      "avg_client_cpu_time_s": 1.225,
      "avg_client_peak_memory_kb": 152.5654296875,
      "avg_train_loss": 0.2511815495618687,
      "avg_eval_mae": 3.623095491166366,
      "avg_eval_rmse": 4.874379466650302,
      "avg_eval_accuracy_1pct": 0.013335396039603962,
      "global_mae": 4.076832140201284,
      "global_rmse": 5.9110702793985705,
      "global_r2": -0.0030098200201194025,
      "global_accuracy_1pct": 0.02527075812274368
    }
  ]
}