{
  "summary": {
    "mode": "federated",
    "num_rounds": 3,
    "total_wall_time_s": 401.541,
    "total_bytes_uploaded_MB": 6.9527,
    "total_bytes_downloaded_MB": 69.5244,
    "total_bytes_transmitted_MB": 76.477,
    "final_global_mae": 3.93323,
    "final_global_rmse": 5.665194,
    "final_global_r2": 0.078697,
    "final_global_accuracy_1pct": 0.0,
    "avg_round_time_s": 113.183,
    "avg_client_cpu_time_s": 1.504,
    "avg_client_peak_memory_kb": 117.46
  },
  "rounds": [
    {
      "round_num": 1,
      "bytes_sent_to_clients": 12151025,
      "bytes_received_from_clients": 2430131,
      "num_clients_trained": 5,
      "num_clients_evaluated": 5,
      "round_wall_time_s": 86.06242369994288,
      "avg_client_train_time_s": 2.6446016000001693,
      "avg_client_cpu_time_s": 1.4875,
      "avg_client_peak_memory_kb": 122.646875,
      "avg_train_loss": 0.23660047432745693,
      "avg_eval_mae": 3.607338032195078,
      "avg_eval_rmse": 4.708221903348978,
      "avg_eval_accuracy_1pct": 0.0019801980198019802,
      "global_mae": 3.9332299144201985,
      "global_rmse": 5.665194082709116,
      "global_r2": 0.07869691600558182,
      "global_accuracy_1pct": 0.0
    },
    {
      "round_num": 2,
      "bytes_sent_to_clients": 24300525,
      "bytes_received_from_clients": 2430131,
      "num_clients_trained": 5,
      "num_clients_evaluated": 5,
      "round_wall_time_s": 127.25730789999943,
      "avg_client_train_time_s": 2.524361340003088,
      "avg_client_cpu_time_s": 1.528125,
      "avg_client_peak_memory_kb": 114.9919921875,
      "avg_train_loss": 0.23660047432745693,
      "avg_eval_mae": 3.607338032195078,
      "avg_eval_rmse": 4.708221903348979,
      "avg_eval_accuracy_1pct": 0.0019801980198019802,
      "global_mae": 3.9332299144201985,
      "global_rmse": 5.665194082709116,
      "global_r2": 0.07869691600558182,
      "global_accuracy_1pct": 0.0
    },
    {
      "round_num": 3,
      "bytes_sent_to_clients": 36450025,
      "bytes_received_from_clients": 2430131,
      "num_clients_trained": 5,
      "num_clients_evaluated": 5,
      "round_wall_time_s": 126.22925899998518,
      "avg_client_train_time_s": 2.5107005600002594,
      "avg_client_cpu_time_s": 1.496875,
      "avg_client_peak_memory_kb": 114.7501953125,
      "avg_train_loss": 0.23660047432745687,
      "avg_eval_mae": 3.6073380321950785,
      "avg_eval_rmse": 4.708221903348979,
      "avg_eval_accuracy_1pct": 0.0019801980198019802,
      "global_mae": 3.9332299144201985,
      "global_rmse": 5.665194082709116,
      "global_r2": 0.07869691600558182,
      "global_accuracy_1pct": 0.0
    }
  ]
}