{
  "summary": {
    "mode": "federated",
    "num_rounds": 3,
    "total_wall_time_s": 57.661,
    "total_bytes_uploaded_MB": 6.9527,
    "total_bytes_downloaded_MB": 69.5244,
    "total_bytes_transmitted_MB": 76.477,
    "final_global_mae": 3.93323,
    "final_global_rmse": 5.665194,
    "final_global_r2": 0.078697,
    "final_global_accuracy_1pct": 0.0,
    "avg_round_time_s": 16.382,
    "avg_client_cpu_time_s": 0.495,
    "avg_client_peak_memory_kb": 117.05
  },
  "rounds": [
    {
      "round_num": 1,
      "bytes_sent_to_clients": 12151025,
      "bytes_received_from_clients": 2430131,
      "num_clients_trained": 5,
      "num_clients_evaluated": 5,
      "round_wall_time_s": 14.396053100004792,
      "avg_client_train_time_s": 0.5093358399928547,
      "avg_client_cpu_time_s": 0.503125,
      "avg_client_peak_memory_kb": 122.2671875,
      "avg_train_loss": 0.23660047432745696,
      "avg_eval_mae": 3.607338032195078,
      "avg_eval_rmse": 4.708221903348978,
      "avg_eval_accuracy_1pct": 0.0019801980198019802,
      "global_mae": 3.9332299144201985,
      "global_rmse": 5.665194082709116,
      "global_r2": 0.07869691600558182,
      "global_accuracy_1pct": 0.0
    },
    {
      "round_num": 2,
      "bytes_sent_to_clients": 24300525,
      "bytes_received_from_clients": 2430131,
      "num_clients_trained": 5,
      "num_clients_evaluated": 5,
      "round_wall_time_s": 17.34764200000791,
      "avg_client_train_time_s": 0.4836183799896389,
      "avg_client_cpu_time_s": 0.48125,
      "avg_client_peak_memory_kb": 115.1185546875,
      "avg_train_loss": 0.23660047432745693,
      "avg_eval_mae": 3.607338032195078,
      "avg_eval_rmse": 4.708221903348978,
      "avg_eval_accuracy_1pct": 0.0019801980198019802,
      "global_mae": 3.9332299144201985,
      "global_rmse": 5.665194082709116,
      "global_r2": 0.07869691600558182,
      "global_accuracy_1pct": 0.0
    },
    {
      "round_num": 3,
      "bytes_sent_to_clients": 36450025,
      "bytes_received_from_clients": 2430131,
      "num_clients_trained": 5,
      "num_clients_evaluated": 5,
      "round_wall_time_s": 17.40104229998542,
      "avg_client_train_time_s": 0.5022658600006252,
      "avg_client_cpu_time_s": 0.5,
      "avg_client_peak_memory_kb": 113.7693359375,
      "avg_train_loss": 0.23660047432745693,
      "avg_eval_mae": 3.6073380321950785,
      "avg_eval_rmse": 4.708221903348978,
      "avg_eval_accuracy_1pct": 0.0019801980198019802,
      "global_mae": 3.9332299144201985,
      "global_rmse": 5.665194082709116,
      "global_r2": 0.07869691600558182,
      "global_accuracy_1pct": 0.0
    }
  ]
}