{
  "summary": {
    "mode": "traditional",
    "num_rounds": 1,
    "total_wall_time_s": 3.616,
    "total_bytes_uploaded_MB": 45.2217,
    "total_bytes_downloaded_MB": 1300.8893,
    "total_bytes_transmitted_MB": 1346.111,
    "final_global_mae": 0.852479,
    "final_global_rmse": 2.956003,
    "final_global_r2": 0.749168,
    "final_global_accuracy_1pct": 0.3556,
    "avg_round_time_s": 3.616,
    "avg_client_cpu_time_s": 3.453,
    "avg_client_peak_memory_kb": 348.02
  },
  "rounds": [
    {
      "round_num": 1,
      "bytes_sent_to_clients": 1364081292,
      "bytes_received_from_clients": 47418400,
      "num_clients_trained": 34,
      "num_clients_evaluated": 1,
      "round_wall_time_s": 3.615913800022099,
      "avg_client_train_time_s": 3.615913800022099,
      "avg_client_cpu_time_s": 3.453125,
      "avg_client_peak_memory_kb": 348.015625,
      "avg_train_loss": 0.8524788536660394,
      "avg_eval_mae": 0.8524788536660394,
      "avg_eval_rmse": 2.9560028151749402,
      "avg_eval_accuracy_1pct": 0.3555956678700361,
      "global_mae": 0.8524788536660394,
      "global_rmse": 2.9560028151749402,
      "global_r2": 0.7491681820055827,
      "global_accuracy_1pct": 0.3555956678700361
    }
  ]
}